{"cameraMode":{"drawMode":0,"name":"Shaded","section":"Shading Mode"},"sceneLighting":true,"audioPlay":false,"sceneViewState":{"showFog":true,"showMaterialUpdate":true,"showSkybox":true,"showFlares":true,"showImageEffects":true,"showParticleSystems":true},"in2DMode":false,"pivot":{"x":8.743555068969727,"y":11.314790725708008,"z":17.993667602539064},"rotation":{"x":-0.28113454580307009,"y":0.10681591928005219,"z":-0.03150603920221329,"w":-0.9531875252723694},"size":18.532590866088868,"orthographic":false}